Workbook

Sheet Transactions
A1: Order_ID | B1: Date | C1: Product_ID | D1: Customer | E1: Region | F1: Quantity | G1: Sales | H1: Product_Name Product_Name | I1: Category | J1: Sales_Level
A2: ORD001 | B2: 2026-09-01 | C2: P101 | D2: Ravi | E2: South | F2: 1 | G2: 45000 | H2: =VLOOKUP(C2,Product_Master!A:D,2,FALSE) -> Laptop | I2: =VLOOKUP(C2,Product_Master!A:D,3,FALSE) -> Electronics
A3: ORD002 | B3: 2026-09-02 | C3: P104 | D3: Priya | E3: South | F3: 2 | G3: 17000 | H3: =VLOOKUP(C3,Product_Master!A:D,2,FALSE) -> Office Chair | I3: =VLOOKUP(C3,Product_Master!A:D,3,FALSE) -> Furniture
A4: ORD003 | B4: 2026-09-03 | C4: P106 | D4: Arjun | E4: North | F4: 3 | G4: 3600 | H4: =VLOOKUP(C4,Product_Master!A:D,2,FALSE) -> T-Shirt | I4: =VLOOKUP(C4,Product_Master!A:D,3,FALSE) -> Clothing
A5: ORD004 | B5: 2026-09-04 | C5: P102 | D5: Sneha | E5: East | F5: 1 | G5: 22000 | H5: =VLOOKUP(C5,Product_Master!A:D,2,FALSE) -> Smartphone | I5: =VLOOKUP(C5,Product_Master!A:D,3,FALSE) -> Electronics
A6: ORD005 | B6: 2026-09-05 | C6: P109 | D6: Kiran | E6: West | F6: 4 | G6: 3600 | H6: =VLOOKUP(C6,Product_Master!A:D,2,FALSE) -> Grocery Pack | I6: =VLOOKUP(C6,Product_Master!A:D,3,FALSE) -> Grocery
A7: ORD006 | B7: 2026-09-06 | C7: P103 | D7: Anu | E7: South | F7: 2 | G7: 5000 | H7: =VLOOKUP(C7,Product_Master!A:D,2,FALSE) -> Headphones | I7: =VLOOKUP(C7,Product_Master!A:D,3,FALSE) -> Electronics
A8: ORD007 | B8: 2026-09-07 | C8: P105 | D8: Rahul | E8: North | F8: 1 | G8: 12000 | H8: =VLOOKUP(C8,Product_Master!A:D,2,FALSE) -> Desk | I8: =VLOOKUP(C8,Product_Master!A:D,3,FALSE) -> Furniture
A9: ORD008 | B9: 2026-09-08 | C9: P107 | D9: Divya | E9: East | F9: 2 | G9: 4400 | H9: =VLOOKUP(C9,Product_Master!A:D,2,FALSE) -> Jeans | I9: =VLOOKUP(C9,Product_Master!A:D,3,FALSE) -> Clothing
A10: ORD009 | B10: 2026-09-09 | C10: P108 | D10: Vikram | E10: West | F10: 1 | G10: 3200 | H10: =VLOOKUP(C10,Product_Master!A:D,2,FALSE) -> Shoes | I10: =VLOOKUP(C10,Product_Master!A:D,3,FALSE) -> Clothing
A11: ORD010 | B11: 2026-09-10 | C11: P110 | D11: Meena | E11: South | F11: 2 | G11: 11000 | H11: =VLOOKUP(C11,Product_Master!A:D,2,FALSE) -> Coffee Maker | I11: =VLOOKUP(C11,Product_Master!A:D,3,FALSE) -> Home Appliances | J11: =VLOOKUP(C2,Product_Master!A:D,3,FALSE) -> Electronics
A12: ORD011 | B12: 2026-09-11 | C12: P101 | D12: Suresh | E12: North | F12: 1 | G12: 45000 | H12: =VLOOKUP(C12,Product_Master!A:D,2,FALSE) -> Laptop | I12: =VLOOKUP(C12,Product_Master!A:D,3,FALSE) -> Electronics | J12: =VLOOKUP(C3,Product_Master!A:D,3,FALSE) -> Furniture
A13: ORD012 | B13: 2026-09-12 | C13: P102 | D13: Lakshmi | E13: East | F13: 2 | G13: 44000 | H13: =VLOOKUP(C13,Product_Master!A:D,2,FALSE) -> Smartphone | I13: =VLOOKUP(C13,Product_Master!A:D,3,FALSE) -> Electronics | J13: =VLOOKUP(C4,Product_Master!A:D,3,FALSE) -> Clothing
A14: ORD013 | B14: 2026-09-13 | C14: P106 | D14: Harish | E14: West | F14: 5 | G14: 6000 | H14: =VLOOKUP(C14,Product_Master!A:D,2,FALSE) -> T-Shirt | I14: =VLOOKUP(C14,Product_Master!A:D,3,FALSE) -> Clothing | J14: =VLOOKUP(C5,Product_Master!A:D,3,FALSE) -> Electronics
A15: ORD014 | B15: 2026-09-14 | C15: P104 | D15: Pooja | E15: South | F15: 1 | G15: 8500 | H15: =VLOOKUP(C15,Product_Master!A:D,2,FALSE) -> Office Chair | I15: =VLOOKUP(C15,Product_Master!A:D,3,FALSE) -> Furniture | J15: =VLOOKUP(C6,Product_Master!A:D,3,FALSE) -> Grocery
A16: ORD015 | B16: 2026-09-15 | C16: P109 | D16: Naveen | E16: North | F16: 3 | G16: 2700 | H16: =VLOOKUP(C16,Product_Master!A:D,2,FALSE) -> Grocery Pack | I16: =VLOOKUP(C16,Product_Master!A:D,3,FALSE) -> Grocery | J16: =VLOOKUP(C7,Product_Master!A:D,3,FALSE) -> Electronics
A17: ORD016 | B17: 2026-09-16 | C17: P103 | D17: Swathi | E17: East | F17: 4 | G17: 10000 | H17: =VLOOKUP(C17,Product_Master!A:D,2,FALSE) -> Headphones | I17: =VLOOKUP(C17,Product_Master!A:D,3,FALSE) -> Electronics | J17: =VLOOKUP(C8,Product_Master!A:D,3,FALSE) -> Furniture
A18: ORD017 | B18: 2026-09-17 | C18: P105 | D18: Karthik | E18: West | F18: 2 | G18: 24000 | H18: =VLOOKUP(C18,Product_Master!A:D,2,FALSE) -> Desk | I18: =VLOOKUP(C18,Product_Master!A:D,3,FALSE) -> Furniture | J18: =VLOOKUP(C9,Product_Master!A:D,3,FALSE) -> Clothing
A19: ORD018 | B19: 2026-09-18 | C19: P107 | D19: Asha | E19: South | F19: 1 | G19: 2200 | H19: =VLOOKUP(C19,Product_Master!A:D,2,FALSE) -> Jeans | I19: =VLOOKUP(C19,Product_Master!A:D,3,FALSE) -> Clothing | J19: =VLOOKUP(C10,Product_Master!A:D,3,FALSE) -> Clothing
A20: ORD019 | B20: 2026-09-19 | C20: P108 | D20: Manoj | E20: North | F20: 2 | G20: 6400 | H20: =VLOOKUP(C20,Product_Master!A:D,2,FALSE) -> Shoes | I20: =VLOOKUP(C20,Product_Master!A:D,3,FALSE) -> Clothing | J20: =VLOOKUP(C11,Product_Master!A:D,3,FALSE) -> Home Appliances
A21: ORD020 | B21: 2026-09-20 | C21: P110 | D21: Geetha | E21: East | F21: 1 | G21: 5500 | H21: =VLOOKUP(C21,Product_Master!A:D,2,FALSE) -> Coffee Maker | I21: =VLOOKUP(C21,Product_Master!A:D,3,FALSE) -> Home Appliances | J21: =VLOOKUP(C12,Product_Master!A:D,3,FALSE) -> Electronics
A22: ORD021 | B22: 2026-09-21 | C22: P101 | D22: Ramesh | E22: West | F22: 2 | G22: 90000 | H22: =VLOOKUP(C22,Product_Master!A:D,2,FALSE) -> Laptop | I22: =VLOOKUP(C22,Product_Master!A:D,3,FALSE) -> Electronics | J22: =VLOOKUP(C13,Product_Master!A:D,3,FALSE) -> Electronics
... A31: ORD030 | B31: 2026-09-30 | C31: P110 | D31: Neha | E31: South | F31: 2 | G31: 11000 | H31: =VLOOKUP(C31,Product_Master!A:D,2,FALSE) -> Coffee Maker | I31: =VLOOKUP(C31,Product_Master!A:D,3,FALSE) -> Home Appliances | J31: =VLOOKUP(C22,Product_Master!A:D,3,FALSE) -> Electronics

Sheet Formula_Practice
A1: Function | B1: Example | C1: Result
A2: XLOOKUP | B2: Product Name | C2: =_xlfn.XLOOKUP(Transactions!C2,Product_Master!A:A,Product_Master!B:B,"Not Found") -> Laptop
A3: SUMIF | B3: South Region Sales | C3: =SUMIF(Transactions!E:E,"South",Transactions!G:G) -> 124200
A4: SUMIFS | B4: South + Electronics Sales | C4: =SUMIFS(Transactions!G:G,Transactions!E:E,"South",Transactions!I:I,"Electronics") -> 74500
A5: COUNTIF | B5: Electronics Orders | C5: =COUNTIF(Transactions!I:I,"Electronics") -> 9
A6: COUNTIFS | B6: South Electronics Orders | C6: =COUNTIFS(Transactions!E:E,"South",Transactions!I:I,"Electronics") -> 4
A7: LEFT | C7: =LEFT(Transactions!A2,3) -> ORD
A8: RIGHT | C8: =RIGHT(Transactions!A2,3) -> 001
A9: CONCAT | C9: =_xlfn.CONCAT(Transactions!A2,"-",Transactions!C2) -> ORD001-P101
A10: INDEX/MATCH | C10: =INDEX(Product_Master!B:B,MATCH(Transactions!C2,Product_Master!A:A,0)) -> Laptop

Sheet Product_Master
A1: Product_ID | B1: Product_Name | C1: Category | D1: Price
A2: P101 | B2: Laptop | C2: Electronics | D2: 45000
A3: P102 | B3: Smartphone | C3: Electronics | D3: 22000
A4: P103 | B4: Headphones | C4: Electronics | D4: 2500
A5: P104 | B5: Office Chair | C5: Furniture | D5: 8500
A6: P105 | B6: Desk | C6: Furniture | D6: 12000
A7: P106 | B7: T-Shirt | C7: Clothing | D7: 1200
A8: P107 | B8: Jeans | C8: Clothing | D8: 2200
A9: P108 | B9: Shoes | C9: Clothing | D9: 3200
A10: P109 | B10: Grocery Pack | C10: Grocery | D10: 900
A11: P110 | B11: Coffee Maker | C11: Home Appliances | D11: 5500

Sheet Edge_Cases
A1: Order_ID | B1: Date | C1: Product_ID | D1: Customer | E1: Region | F1: Quantity | G1: Sales | H1: Test_Purpose
A2: ORD031 | B2: 2026-10-01 | C2: P999 | D2: Test_Customer | E2: South | F2: =_xlfn.XLOOKUP(C2,Product_Master!A:A,Product_Master!B:B,"Not Found") -> Not Found | G2: 1000 | H2: Wrong Product ID - test XLOOKUP/VLOOKUP
A3: ORD032 | B3: 2026-10-02 | D3: Blank_Product_ID | E3: East | F3: 2 | G3: 2000 | H3: Blank Product ID - test blank handling
A4: ORD033 | B4: 2026-10-03 | C4: P101 | D4: Text_Number_Test | E4: North | F4: 2 | G4: 90000 | H4: Quantity stored as text - test mismatch

Sheet Notes
A1: Function | B1: Practice | C1: When_To_Use
A2: VLOOKUP | B2: Lookup Product_Name using Product_ID | C2: Use when the lookup key is in the first column of the lookup table.
A3: XLOOKUP | B3: Lookup Product_Name using Product_ID | C3: Flexible lookup; can return a custom value such as Not Found.
A4: IF | B4: Classify sales as High/Low | C4: Use for condition-based decisions.
A5: SUMIF | B5: Total sales for one region | C5: Use when there is one condition.
A6: SUMIFS | B6: Sales for a region + category | C6: Use when there are multiple conditions.
A7: COUNTIF | B7: Count orders in one category/region | C7: Use when there is one condition.
A8: COUNTIFS | B8: Count orders matching multiple conditions | C8: Use when there are multiple conditions.
A9: LEFT/RIGHT/MID | B9: Extract parts of Order_ID or text | C9: Use for text manipulation.
A10: CONCAT/TEXTJOIN | B10: Combine text fields | C10: Use to create combined labels/keys.
A11: INDEX/MATCH | B11: Flexible lookup | C11: Useful when the lookup column is not on the left.
