Workbook

Sheet Raw_Data
A1: Date | B1: Transaction ID | C1: Product | D1: Category | E1: Quantity | F1: Unit Price | G1: Total Sales
A2: 46303 | B2: T001 | C2: Jeans | D2: Clothing | E2: 4 | F2: 1800 | G2: =E2*F2 -> 7200
A3: 46302 | B3: T002 | C3: Handbag | D3: Accessories | E3: 1 | F3: 2380 | G3: =E3*F3 -> 2380
A4: 46300 | B4: T003 | C4: Smart Watch | D4: Electronics | E4: 5 | F4: 4500 | G4: =E4*F4 -> 22500
A5: 46308 | B5: T004 | C5: Backpack | D5: Accessories | E5: 1 | F5: 1890 | G5: =E5*F5 -> 1890
A6: 46311 | B6: T005 | C6: Dress | D6: Clothing | E6: 4 | F6: 2310 | G6: =E6*F6 -> 9240
A7: 46314 | B7: T006 | C7: Smart Watch | D7: Electronics | E7: 4 | F7: 4280 | G7: =E7*F7 -> 17120
A8: 46311 | B8: T007 | C8: Smart Watch | D8: Electronics | E8: 1 | F8: 4500 | G8: =E8*F8 -> 4500
A9: 46312 | B9: T008 | C9: T-Shirt | D9: Clothing | E9: 4 | F9: 840 | G9: =E9*F9 -> 3360
A10: 46319 | B10: T009 | C10: Mobile Phone | D10: Electronics | E10: 3 | F10: 23750 | G10: =E10*F10 -> 71250
A11: 46322 | B11: T010 | C11: Mobile Phone | D11: Electronics | E11: 4 | F11: 27500 | G11: =E11*F11 -> 110000
A12: 46322 | B12: T011 | C12: T-Shirt | D12: Clothing | E12: 1 | F12: 760 | G12: =E12*F12 -> 760
A13: 46306 | B13: T012 | C13: Smart Watch | D13: Electronics | E13: 1 | F13: 4720 | G13: =E13*F13 -> 4720
... A121: 46326 | B121: T120 | C121: Headphones | D121: Electronics | E121: 4 | F121: 2750 | G121: =E121*F121 -> 11000

Sheet Summary
A1: SALES TRACKER SUMMARY
D2: DAILY SALES | G2: WEEKLY SALES | J2: MONTHLY SALES
A3: Total Sales | B3: =SUM(Raw_Data!G2:G121) -> 2473990 | D3: Date | E3: Daily Sales | G3: Week Start | H3: Weekly Sales | J3: Month | K3: Monthly Sales
A4: Total Quantity | B4: =SUM(Raw_Data!E2:E121) -> 367 | D4: 46296 | E4: =SUMIFS(Raw_Data!$G$2:$G$121,Raw_Data!$A$2:$A$121,D4) -> 8400 | G4: 46296 | H4: =SUMIFS(Raw_Data!$G$2:$G$121,Raw_Data!$A$2:$A$121,">="&G4,Raw_Data!$A$2:$A$121,"<"&G4+7) -> 560700 | J4: 46296 | K4: =SUMIFS(Raw_Data!$G$2:$G$121,Raw_Data!$A$2:$A$121,">="&J4,Raw_Data!$A$2:$A$121,"<"&EDATE(J4,1)) -> 2473990
A5: Total Transactions | B5: =COUNTA(Raw_Data!B2:B121) -> 120 | D5: 46297 | E5: =SUMIFS(Raw_Data!$G$2:$G$121,Raw_Data!$A$2:$A$121,D5) -> 13720 | G5: =G4+7 -> 46303 | H5: =SUMIFS(Raw_Data!$G$2:$G$121,Raw_Data!$A$2:$A$121,">="&G5,Raw_Data!$A$2:$A$121,"<"&G5+7) -> 525750
A6: Average Sale | B6: =AVERAGE(Raw_Data!G2:G121) -> 20616.583 | D6: 46298 | E6: =SUMIFS(Raw_Data!$G$2:$G$121,Raw_Data!$A$2:$A$121,D6) -> 46030 | G6: =G5+7 -> 46310 | H6: =SUMIFS(Raw_Data!$G$2:$G$121,Raw_Data!$A$2:$A$121,">="&G6,Raw_Data!$A$2:$A$121,"<"&G6+7) -> 415240
D7: 46299 | E7: =SUMIFS(Raw_Data!$G$2:$G$121,Raw_Data!$A$2:$A$121,D7) -> 193610 | G7: =G6+7 -> 46317 | H7: =SUMIFS(Raw_Data!$G$2:$G$121,Raw_Data!$A$2:$A$121,">="&G7,Raw_Data!$A$2:$A$121,"<"&G7+7) -> 754800
D8: 46300 | E8: =SUMIFS(Raw_Data!$G$2:$G$121,Raw_Data!$A$2:$A$121,D8) -> 40480 | G8: =G7+7 -> 46324 | H8: =SUMIFS(Raw_Data!$G$2:$G$121,Raw_Data!$A$2:$A$121,">="&G8,Raw_Data!$A$2:$A$121,"<"&G8+7) -> 217500
D9: 46301 | E9: =SUMIFS(Raw_Data!$G$2:$G$121,Raw_Data!$A$2:$A$121,D9) -> 13300
D10: 46302 | E10: =SUMIFS(Raw_Data!$G$2:$G$121,Raw_Data!$A$2:$A$121,D10) -> 245160 | M10: CATEGORY SALES
D11: 46303 | E11: =SUMIFS(Raw_Data!$G$2:$G$121,Raw_Data!$A$2:$A$121,D11) -> 90930 | M11: Category | N11: Sales
D12: 46304 | E12: =SUMIFS(Raw_Data!$G$2:$G$121,Raw_Data!$A$2:$A$121,D12) -> 4300 | M12: Clothing | N12: =SUMIF(Raw_Data!$D$2:$D$121,M12,Raw_Data!$G$2:$G$121) -> 186030
D13: 46305 | E13: =SUMIFS(Raw_Data!$G$2:$G$121,Raw_Data!$A$2:$A$121,D13) -> 30650 | M13: Electronics | N13: =SUMIF(Raw_Data!$D$2:$D$121,M13,Raw_Data!$G$2:$G$121) -> 2049360
D14: 46306 | E14: =SUMIFS(Raw_Data!$G$2:$G$121,Raw_Data!$A$2:$A$121,D14) -> 47160 | M14: Accessories | N14: =SUMIF(Raw_Data!$D$2:$D$121,M14,Raw_Data!$G$2:$G$121) -> 157380
D15: 46307 | E15: =SUMIFS(Raw_Data!$G$2:$G$121,Raw_Data!$A$2:$A$121,D15) -> 31770 | M15: Footwear | N15: =SUMIF(Raw_Data!$D$2:$D$121,M15,Raw_Data!$G$2:$G$121) -> 81220
D16: 46308 | E16: =SUMIFS(Raw_Data!$G$2:$G$121,Raw_Data!$A$2:$A$121,D16) -> 96070
D17: 46309 | E17: =SUMIFS(Raw_Data!$G$2:$G$121,Raw_Data!$A$2:$A$121,D17) -> 224870
D18: 46310 | E18: =SUMIFS(Raw_Data!$G$2:$G$121,Raw_Data!$A$2:$A$121,D18) -> 0
D19: 46311 | E19: =SUMIFS(Raw_Data!$G$2:$G$121,Raw_Data!$A$2:$A$121,D19) -> 38110
D20: 46312 | E20: =SUMIFS(Raw_Data!$G$2:$G$121,Raw_Data!$A$2:$A$121,D20) -> 30750
D21: 46313 | E21: =SUMIFS(Raw_Data!$G$2:$G$121,Raw_Data!$A$2:$A$121,D21) -> 207800
D22: 46314 | E22: =SUMIFS(Raw_Data!$G$2:$G$121,Raw_Data!$A$2:$A$121,D22) -> 30620
D23: 46315 | E23: =SUMIFS(Raw_Data!$G$2:$G$121,Raw_Data!$A$2:$A$121,D23) -> 18240
D24: 46316 | E24: =SUMIFS(Raw_Data!$G$2:$G$121,Raw_Data!$A$2:$A$121,D24) -> 89720
D25: 46317 | E25: =SUMIFS(Raw_Data!$G$2:$G$121,Raw_Data!$A$2:$A$121,D25) -> 9050
D26: 46318 | E26: =SUMIFS(Raw_Data!$G$2:$G$121,Raw_Data!$A$2:$A$121,D26) -> 32130
D27: 46319 | E27: =SUMIFS(Raw_Data!$G$2:$G$121,Raw_Data!$A$2:$A$121,D27) -> 471310
... D34: 46326 | E34: =SUMIFS(Raw_Data!$G$2:$G$121,Raw_Data!$A$2:$A$121,D34) -> 67890
